0,companies
1,provide
2,this
3,heavily
4,involved
5,n
6,environmental
7,issues
8,national
9,legislators
10,disposal
11,bill
12,continue
13,suparfund
14,which
15,detailed
16,cma
17,action
18,continues
19,toxic
20,prevention
21,requires
22,reporting
23,concerning
24,industry
25,operations
26,risk
27,reduction
28,cessation
29,issue
30,affairs
31,active
32,all
33,toxlc
34,policy
35,rapidly
36,growing
37,insurance
38,actively
39,interested
40,auspices
41,american
42,council
43,material
44,transportation
45,public
46,compensation
47,chronic
48,media
49,attention
50,first
51,anniversary
52,chemicals
53,analysis
54,headlines
55,reauthor
56,gained
57,nto
58,from
59,might
60,following
61,accident
62,intense
63,interest
64,potential
65,united
66,stories
67,questions
68,adequacy
69,institute
70,question
71,their
72,retrospective
73,chemical
74,pennsylvania
75,design
76,included
77,de
78,relating
79,proectlve
80,responsive
81,rationale
82,period
83,contention
84,generation
85,little
86,sites
87,victory
88,briefs
89,convinced
90,decide
91,carriers
92,antitrust
93,while
94,likely
95,entire
96,exemptions
97,settling
98,allocation
99,increased
100,victoryl
101,recommendations
102,intended
103,pipelines
104,substantial
105,savings
106,estlmatad
107,against
108,mechanism
109,final
110,raise
111,submitted
112,approximately
113,disadvantages
114,possible
115,congressional
116,x
117,increase
118,fivefold
119,freezing
120,excise
121,finance
122,committee
123,funding
124,again
125,reauthorize
126,feedstocks
127,president
128,representatves
129,compromise
130,commlttee
131,include
132,requirement
133,certain
134,neither
135,contains
136,begin
137,appointed
138,detail
139,provides
140,guidance
141,relations
142,agressively
143,consider
144,represenative
145,rostenkowski
146,strike
147,until
148,without
149,passing
150,continued
151,different
152,implementation
153,list
154,primary
155,mandating
156,analytical
157,contingency
158,authorized
159,intervene
160,challenging
161,requirements
162,service
163,dedicated
164,during
165,washington
166,associated
167,ally
168,mall
169,ottaway
170,detroit
171,scripps
172,services
173,chicago
174,tribune
175,eight
176,officers
177,radio
178,especially
179,extensive
180,alternative
181,specially
182,economic
183,propriety
184,version
185,contributed
186,depending
187,assisted
188,preparation
189,written
190,materials
191,immediately
192,advertisement
193,urging
194,cleaning
195,site
196,regional
197,offices
198,community
199,stations
200,prints
201,launching
202,includes
203,involvement
204,screening
205,promoting
206,constituents
207,establish
208,regulations
209,inorganic
210,leaching
211,issued
212,adopting
213,predicts
214,persistence
215,determine
216,listed
217,predicting
218,organic
219,discussed
220,preparing
221,burning
222,regarding
223,basis
224,developing
225,boiler
226,categories
227,regulation
228,published
229,reliance
230,landfills
231,practices
232,designed
233,codify
234,technological
235,quantity
236,preconstruction
237,labelling
238,recordkeeping
239,collection
240,amicus
241,brief
242,v
243,ordinance
244,banning
245,fairmont
246,preempts
247,permit
248,locally
249,resolution
250,revised
251,injection
252,disposed
253,impact
254,ultimately
255,technical
256,meeting
257,applicable
258,appropriate
259,exist
260,meaningful
261,parties
262,sold
263,resulting
264,manufacturing
265,reclaimed
266,reclamation
267,supporting
268,intervened
269,involves
270,repair
271,environment
272,aimed
273,introduced
274,since
275,hearings
276,preoccupied
277,acid
278,ran
279,topic
280,chromium
281,notice
282,nent
283,cooling
284,ambient
285,trading
286,conjunction
287,publish
288,line
289,negotiated
290,earlier
291,units
292,addressing
293,routine
294,accidental
295,directors
296,executive
297,versions
298,various
299,options
300,implemented
301,education
302,section
303,margin
304,required
305,carcinogens
306,arguing
307,raises
308,o
309,chloride
310,previously
311,meaning
312,and
313,th
314,construction
315,same
316,failure
317,elect
318,high
319,existence
320,enormous
321,imposed
322,assistant
323,stormwater
324,water
325,discuss
326,important
327,emerging
328,inlection
329,require
330,remain
331,directly
332,contacting
333,persists
334,oversight
335,practice
336,comnunicata
337,receive
338,calculation
339,outlier
340,variance
341,e
342,retrofit
343,corrective
344,impoundment
345,landfill
346,unit
347,receipt
348,ninety
349,alternatives
350,liners
351,capacity
352,concentrations
353,exception
354,finally
355,volatiles
356,assessing
357,concentration
358,landfilled
359,excessive
360,review
361,delist
362,being
363,delisted
364,am
365,believe
366,protection
367,taxing
368,mechanisms
369,legislatures
370,particularly
371,testimony
372,occasions
373,educating
374,v
375,maximum
376,contaminant
377,rmcls
378,synthetic
379,ab
380,alliance
381,replying
382,a
383,concentrating
384,raised
385,carcinogen
386,evidence
387,unanimously
388,quality
389,programmatic
390,milton
391,introduce
392,avoid
393,despite
394,subcommittee
395,chairmen
396,reponslble
397,committed
398,supportive
399,working
400,compromised
401,register
402,removing
403,announcing
404,effective
405,lawsuit
406,previous
407,credits
408,decided
409,responding
410,third
411,incorrectly
412,cases
413,hindered
414,conflict
415,title
416,covering
417,planning
418,deadlines
419,monoxide
420,spring
421,leadership
422,majority
423,headed
424,unique
425,influence
426,chairman
427,remains
428,ranking
429,c
430,house
431,ntr
432,input
433,stationary
434,toxlc
435,lamentation
436,comprehensive
437,called
438,coordinator
439,reproduction
440,provided
441,agencies
442,inventory
443,techniques
444,modeling
445,methodologies
446,implementing
447,u
448,disaster
449,assistance
450,communicate
451,build
452,consistent
453,really
454,objective
455,obtain
456,relatively
457,uniform
458,rational
459,handling
460,highly
461,tailor
462,meetings
463,membership
464,constituent
465,reviewed
466,assignments
467,accordingly
468,industrial
469,performance
470,generating
471,practical
472,election
473,scrubbing
474,whichever
475,contradicts
476,reducing
477,reductions
478,operation
479,reconsider
480,vinvl
481,permits
482,affirmed
483,compliance
484,rehearing
485,involve
486,producing
487,describe
488,seminar
489,attending
490,implement
491,experience
492,considered
493,like
494,seeking
495,driver
496,session
497,dealing
498,commercial
499,drivers
500,licensed
501,multiple
502,licenses
503,license
504,incident
505,spills
506,cooperation
507,shippers
508,lems
509,carrier
510,authority
511,right
512,independent
513,reservation
514,bilaterals
515,marpol
516,shipment
517,residue
518,international
519,expansion
520,shipments
521,modify
522,columbia
523,special
524,established
525,risks
526,controlling
527,joined
528,providers
529,railroad
530,applied
531,denied
532,ditch
533,part
534,opposing
535,cancellation
536,offering
537,reliable
538,brazil
539,bilateral
540,condones
541,seriously
542,but
543,have
544,trying
545,amendments
546,calling
547,development
548,company
549,generic
550,railroads
551,jointly
552,relative
553,containers
554,efforts
555,trucking
556,received
557,emergencies
558,rotation
559,shift
560,long
561,guide
562,library
563,spac
564,florida
565,advisory
566,hamilton
567,massengill
568,allied
569,white
570,americas
571,room
572,meecing
573,minutes
574,corporation
575,simeral
576,edwin
577,iran
578,broke
579,ludington
580,carry
581,minton
582,h
583,montanari
584,held
585,louis
586,david
587,books
588,whitson
589,ales
590,flamm
591,sorgenti
592,gutheil
593,wells
594,e
595,a
596,browning
597,union
598,carbide
599,geraldine
600,victor
601,e
602,senger
603,richard
604,wilson
605,summaries
606,lieu
607,conslttee
608,contained
609,appendix
610,mittee
611,circulated
612,emphasized
613,en
614,vironmental
615,referring
616,described
617,briefly
618,overview
619,blair
620,history
621,occasion
622,advised
623,a
624,operating
625,totalling
626,slightly
627,ceived
628,earliest
629,appreciated
630,april
631,execu
632,tive
633,preceding
634,alkanolamines
635,board
636,presentation
637,negative
638,perception
639,view
640,informed
641,views
642,submit
643,strategic
644,ment
645,skills
646,shows
647,pending
648,meanwhile
649,effectively
650,arise
651,coordinate
652,speaking
653,voice
654,f
655,orell
656,collins
657,director
658,fiscal
659,meet
660,cloister
661,georgia
662,semiannual
663,hilton
664,organ
665,zations
666,expanding
667,pursuing
668,jon
669,conservation
670,light
671,understanding
672,f
673,dramatic
674,scripts
675,storylines
676,importance
677,tons
678,alluding
679,recom
680,occupational
681,fre
682,tection
683,precautionary
684,labelling
685,affecting
686,legislature
687,particular
688,objectives
689,selling
690,demonstrating
691,writers
692,presenta
693,professional
694,policymakers
695,timely
696,confidence
697,insight
698,perspective
699,deha
700,geted
701,inspect
702,n
703,nolde
704,saterials
705,sarin
706,tarminals
707,axaspl
708,tinually
709,looking
710,inprov
711,praetiees
712,alnlaiz
713,coeauaicatlons
714,cytogenetic
715,eonaittees
716,coaaittee
717,directed
718,reproductive
719,elained
720,vehicle
721,interests
722,coning
723,gains
724,realized
725,osra
726,occupa
727,response
728,sovernaent
729,reply
730,t
731,eoanitte
732,representation
733,cooperative
734,foundation
735,takes
736,attitude
737,influenced
738,succinctly
739,s
740,iowa
741,opportunity
742,exists
743,america
744,interference
745,conclusively
746,sincerely
747,be
748,allegation
749,profit
750,ays
751,rise
752,open
753,r
754,redoubling
755,coopera
756,people
757,diverse
758,attempting
759,effort
760,prepare
761,as
762,consunity
763,have
764,carried
765,applicants
766,locations
767,canadian
768,foreign
769,fumigant
770,kill
771,insects
772,markings
773,container
774,english
775,chugai
776,did
777,yield
778,subscribers
779,selection
780,profiles
781,c
782,lending
783,fifteen
784,videotape
785,reproducing
786,preplanning
787,activate
788,scenario
789,leaking
790,poisonous
791,packagings
792,nations
793,office
794,conventions
795,accidents
796,rhein
797,communicated
798,expertise
799,crafting
800,economic
801,business
802,representative
803,preparations
804,supplementing
805,objections
806,voiced
807,joint
808,ccpa
809,federations
810,toxicology
811,contain
812,consolidated
813,restricted
814,compiles
815,mistakes
816,consistently
817,omnibus
818,promised
819,slide
820,filled
821,democratic
822,unlikely
823,itc
824,lobbying
825,advisor
826,cita
827,assuring
828,tariff
829,miscellaneous
830,suspensions
831,suspension
832,multilateral
833,tariffs
834,occurring
835,certainty
836,losing
837,keeping
838,bring
839,contemplating
840,formation
841,inspactlon
842,valuation
843,private
844,inspections
845,countries
846,clearing
847,conducting
848,comparisons
849,adequate
850,disclosure
851,having
852,delivery
853,formal
854,bilaterally
855,expedited
856,reading
857,normal
858,coordinated
859,taxation
860,complexity
861,reform
862,coming
863,restoration
864,lobbied
865,rewrite
866,retirement
867,mathias
868,agricultural
869,hinge
870,conflicts
871,revive
872,evasion
873,hollings
874,conmlttee
875,reaching
876,be
877,connecticut
878,benefits
879,partially
880,conservative
881,vas
882,studies
883,managing
884,clarify
885,preemption
886,decides
887,combined
888,obviously
889,obtained
890,effected
891,warning
892,discharge
893,evaluation
894,steering
895,enticement
896,pollution
897,monitored
898,carolina
899,petrochemical
900,inquiry
901,interstate
902,marketing
903,ensuring
904,function
905,benefit
906,lowering
907,prices
908,supplies
909,butadiene
910,rulemaking
911,production
912,bet
913,requesting
914,sanction
915,experimental
916,accompanied
917,does
918,bioassays
919,actions
920,improve
921,effectiveness
922,reaction
923,requests
924,t
925,the
926,believed
927,uniquely
928,acting
929,belief
930,board
931,nationally
932,recognized
933,equipment
934,printer
935,compatible
936,and
937,chairs
938,ce
939,commitment
940,headquarters
941,commit
942,conferences
943,deliver
944,r
945,was
946,the
947,ceds
948,executives
949,o
950,achieve
951,william
952,a
953,issues
954,the
955,industry
956,ere
957,department
958,program
959,substantially
960,capital
961,reiterate
962,vitally
963,emphasize
964,enjoyed
965,acrs
966,and
967,investment
968,invested
969,credit
970,hat
971,capitol
972,achievements
973,round
974,both
975,his
976,achievement
977,massive
978,conservatively
979,development
980,november
981,sue
982,commlttee
983,extensively
984,highest
985,widely
986,economics
987,la
988,o
989,devastating
990,a
991,materially
992,growth
993,consequences
994,testify
995,task
996,hold
997,trade
998,ta
999,way
1000,b
1001,completion
1002,price
1003,article
1004,study
1005,delivered
1006,july
1007,statements
1008,issues
1009,ul
1010,research
1011,possessions
1012,coordinates
1013,advocacy
1014,republican
1015,a
1016,request
1017,delegation
1018,room
1019,i
1020,courtesy
1021,waterhouse
1022,completed
1023,tweedie
1024,cyanamid
1025,chief
1026,informationcenter
1027,if
1028,advocacy
1029,congress
1030,increases
1031,exemption
1032,standard
1033,deduction
1034,repeals
1035,establishes
1036,authorize
1037,passed
1038,textile
1039,signature
1040,imports
1041,imports
1042,unpredicatable
1043,because
1044,research
1045,quarter
1046,dynamic
1047,concept
1048,dramatizes
1049,on
1050,emphasis
1051,pilot
1052,eighty
1053,programs
1054,inspected
1055,as
1056,ready
1057,plans
1058,energy
1059,advocacy
1060,response
1061,t
1062,ton
1063,furniture
1064,ot
1065,auditors
1066,depreciated
1067,printed
1068,reception
1069,given
1070,purpose
1071,greenbrier
1072,be
1073,medical
1074,animal
1075,testing
1076,studying
1077,summarized
1078,extension
1079,rubicon
1080,geismar
1081,n
1082,vinyl
1083,desire
1084,ranging
1085,tentatively
1086,associates
1087,candidates
1088,deadline
1089,date
1090,convince
1091,documenting
1092,changing
1093,discharges
1094,extending
1095,serious
1096,connections
1097,ongoing
1098,plastics
1099,fibers
1100,ocpsf
1101,briefed
1102,madigan
1103,contaminants
1104,demonstration
1105,aquifers
1106,differences
1107,man
1108,aquifer
1109,instead
1110,leading
1111,mitchell
1112,babbitt
1113,arizona
1114,pont
1115,completing
1116,assumptions
1117,containment
1118,volatile
1119,trichlorethylene
1120,tetrachloride
1121,chloroform
1122,technically
1123,permitting
1124,va
1125,vd
1126,conclusions
1127,issues
1128,net
1129,justify
1130,incorporated
1131,formulation
1132,appropriately
1133,mixtures
1134,commlttee
1135,c
1136,raleigh
1137,entitled
1138,dialogue
1139,proceedings
1140,forthcoming
1141,reiterated
1142,recommendation
1143,easily
1144,particle
1145,aerodynamics
1146,symposium
1147,interspecies
1148,extrapolation
1149,extrapolating
1150,experiments
1151,species
1152,contribute
1153,potentially
1154,productive
1155,circumstances
1156,exceptions
1157,interagency
1158,relieve
1159,negotiate
1160,senior
1161,occasional
1162,biotechnology
1163,winter
1164,meantime
1165,science
1166,creation
1167,ostp
1168,biosafety
1169,genetically
1170,engineered
1171,consultations
1172,advisors
1173,swedish
1174,mid
1175,philosophy
1176,privately
1177,yields
1178,academic
1179,adoption
1180,packaging
1181,added
1182,yielded
1183,australian
1184,claimants
1185,liable
1186,suggestions
1187,causation
1188,presumption
1189,disease
1190,unreviewable
1191,outlines
1192,far
1193,preventing
1194,illness
1195,trigger
1196,organized
1197,constructively
1198,car
1199,basically
1200,essential
1201,estimates
1202,expensive
1203,causing
1204,hastily
1205,adding
1206,bill
1207,broyhill
1208,chiefs
1209,prevailed
1210,guides
1211,updating
1212,series
1213,seminars
1214,overviews
1215,uniformly
1216,expectation
1217,forebodings
1218,quickly
1219,quite
1220,assuming
1221,gestation
1222,ether
1223,jennings
1224,respective
1225,undesirable
1226,certainly
1227,sections
1228,complicated
1229,recycling
1230,counterproductive
1231,restricts
1232,viable
1233,geographical
1234,portation
1235,unavoidable
1236,strive
1237,constraints
1238,monitors
1239,monitor
1240,a
1241,complying
1242,stringent
1243,enabling
1244,salient
1245,minnesota
1246,operational
1247,contracting
1248,ascertain
1249,compendium
1250,residua
1251,disturb
1252,embodied
1253,environmer
1254,sentatives
1255,develop
1256,fashion
1257,a
1258,assigned
1259,nsure
1260,ca
1261,ultimate
1262,accomplished
1263,economically
1264,feasible
1265,eed
1266,link
1267,chan
1268,killed
1269,affair
1270,tackling
1271,othe
1272,b
1273,imported
1274,regulatory
1275,announced
1276,monies
1277,reporters
1278,bleeding
1279,n
1280,moving
1281,along
1282,appearing
1283,profitably
1284,intact
1285,reforms
1286,tates
1287,a
1288,november
1289,elections
1290,spoke
1291,government
1292,formidable
1293,accounting
1294,coverage
1295,interrupted
1296,governmental
1297,nervousness
1298,boesky
1299,americans
1300,ethics
1301,illegal
1302,although
1303,switzerland
1304,awareness
1305,minor
1306,yes
1307,overwhelmingly
1308,hollywood
1309,tactic
1310,recent
1311,expenditures
1312,reauthorized
1313,rolled
1314,pont
1315,ary
1316,predict
1317,florio
1318,staff
1319,precedents
1320,framework
1321,management
1322,information
1323,agency
1324,improved
1325,agencywide
1326,would
1327,lem
1328,redundancy
1329,toscats
1330,base
1331,sharing
1332,governing
1333,t
1334,november
1335,encourage
1336,monograph
1337,sciences
1338,interface
1339,favorable
1340,designated
1341,assembling
1342,reviews
1343,preamble
1344,evaluations
1345,or
1346,manuscript
1347,voting
1348,serving
1349,chaired
1350,ice
1351,strong
1352,abiquim
1353,february
1354,through
1355,programs
1356,consists
1357,sh
1358,milestones
1359,cleanup
1360,content
1361,congress
1362,superfund
1363,and
1364,expressing
1365,concern
1366,superfund
1367,estimate
1368,policy
1369,held
1370,amended
1371,a
1372,outline
1373,a
1374,insured
1375,nci
1376,suit
1377,interior
1378,superfund
1379,settlement
1380,lawyers
1381,enforcement
1382,advocacy
1383,department
1384,hazardous
1385,resource
1386,technical
1387,e
1388,starting
1389,early
1390,second
1391,perceive
1392,waste
1393,recovery
1394,many
1395,targeting
1396,devise
1397,culminated
1398,myriad
1399,brings
1400,doing
1401,tlves
1402,promulgation
1403,override
1404,considerable
1405,fertile
1406,evnironment
1407,constitute
1408,educatlorf
1409,choosing
1410,redesigned
1411,conclusion
1412,recognizes
1413,hensive
1414,society
1415,pervasive
1416,guided
1417,mainly
1418,comment
1419,proposing
1420,persistent
1421,considerably
1422,es
1423,tasting
1424,really
1425,chemieals
1426,survive
1427,uncertain
1428,flourish
1429,fairly
1430,unneces
1431,sarily
1432,aupportinc
1433,chaaicala
1434,representing
1435,neoessary
1436,quick
1437,portion
1438,regulating
1439,electrical
1440,excluding
1441,approxi
1442,exceeding
1443,withdrawn
1444,submitter
1445,chemie
1446,experiences
1447,outlined
1448,digest
1449,gathering
1450,instances
1451,substitute
1452,achieved
1453,processing
1454,isolate
1455,refreshing
1456,nize
1457,terrible
1458,getting
1459,assign
1460,dictate
1461,subcommitte
1462,constrained
1463,nted
1464,plorio
1465,listen
1466,pmn
1467,gas
1468,merits
1469,thee
1470,coordi
1471,halted
1472,kinney
1473,enlist
1474,friends
1475,leanings
1476,damaging
1477,confrontation
1478,climate
1479,desirable
1480,republicans
1481,unrea
1482,creditable
1483,tabulating
1484,tabulation
1485,endeavoring
1486,chemial
1487,establishment
1488,itself
1489,making
1490,instrumental
1491,window
1492,existed
1493,reasonstie
1494,asiendment
1495,improvements
1496,assignment
1497,rlght
1498,domestic
1499,paris
1500,convention
1501,outside
1502,curing
1503,believes
1504,formulate
1505,accomplishments
1506,td
1507,fostering
1508,logical
1509,higher
1510,issuance
1511,substantive
1512,inventors
1513,cellation
1514,enunciate
1515,coapanles
1516,examiners
1517,examiner
1518,trial
1519,searching
1520,registered
1521,proportion
1522,predicted
1523,avoids
1524,wishes
1525,shopping
1526,claims
1527,biggest
1528,term
1529,drafting
1530,fields
1531,commercially
1532,revise
1533,basic
1534,differ
1535,disadvantage
1536,machine
1537,invention
1538,expedite
1539,crystalline
1540,orporate
1541,ownership
1542,investors
1543,domestically
1544,erosion
1545,deerseeing
1546,isports
1547,unfair
1548,acoonvliahments
1549,groins
1550,headings
1551,representa
1552,vredeling
1553,proof
1554,multi
1555,nationals
1556,generalized
1557,sponsorship
1558,caribbean
1559,basin
1560,intellectual
1561,maxlco
1562,enterprise
1563,pendulum
1564,posltlon
1565,and
1566,nesting
1567,involvad
1568,additonal
1569,pacroehamlcal
1570,investaasntralatad
1571,iaauea
1572,cojmittaa
1573,ba
1574,ndustry
1575,atrongly
1576,dt
1577,coavanies
1578,ways
1579,expertiee
1580,skould
1581,fading
1582,dry
1583,morning
1584,obvious
1585,earnings
1586,slipped
1587,respectively
1588,going
1589,declined
1590,decreasing
1591,swing
1592,barriers
1593,conslttee
1594,deral
1595,groups
1596,treaties
1597,turning
1598,coonunity
1599,consultation
1600,variety
1601,parliament
1602,backers
1603,viewed
1604,behind
1605,prior
1606,tized
1607,voces
1608,walsh
1609,gs
1610,commodity
1611,as
1612,explore
1613,holding
1614,harmonize
1615,mentation
1616,hemisphere
1617,cries
1618,prominently
1619,baldrige
1620,ted
1621,cannot
1622,carrying
1623,mexican
1624,thing
1625,solutions
1626,perceived
1627,connection
1628,bureaucratic
1629,wider
1630,seemingly
1631,worthwhile
1632,insofar
1633,mentioned
1634,topics
1635,scrutiny
1636,generalised
1637,m
1638,attitudes
1639,bill
1640,selective
1641,pation
1642,ties
1643,costeffective
1644,firmly
1645,merit
1646,income
1647,rejection
1648,maintenance
1649,acs
1650,tration
1651,comtlttee
1652,equivalent
1653,resist
1654,moratorium
1655,equity
1656,proportionately
1657,has
1658,paying
1659,collections
1660,twice
1661,ironically
1662,acceleration
1663,alive
1664,conmlttee
1665,federalism
1666,concommitant
1667,prospective
1668,advise
1669,crisp
1670,recognize
1671,peculiarly
1672,continuous
1673,constituted
1674,matrix
1675,happening
1676,k
1677,pat
1678,form
1679,miller
1680,chevalier
1681,sentiment
1682,evident
1683,thee
1684,security
1685,preferential
1686,increasing
1687,as
1688,taxes
1689,s
1690,because
1691,proposed
1692,the
1693,the
1694,and
1695,standing
1696,special
1697,counsels
1698,appropriateness
1699,reported
1700,observations
1701,uation
1702,remind
1703,suggestion
1704,ulti
1705,trade
1706,shields
1707,consortia
1708,ho
1709,groups
1710,as
1711,report
1712,analyzing
1713,alerting
1714,influence
1715,an
1716,x
1717,most
1718,pressing
1719,senate
1720,for
1721,ocher
1722,includes
1723,estimates
1724,aiseallanaous
1725,includad
1726,var
1727,chamicals
1728,raform
1729,cartain
1730,export
1731,mada
1732,sector
1733,as
1734,cs
1735,withdrawal
1736,taiwan
1737,was
1738,accession
1739,span
1740,dispute
1741,concessions
1742,spanish
1743,uruguay
1744,declaration
1745,items
1746,mulellaesral
1747,aa
1748,a
1749,nominees
1750,summary
1751,chamical
1752,upcoming
1753,coneaming
1754,inspactlon
1755,advocating
1756,n
1757,s
1758,member
1759,report
1760,number
1761,senator
1762,e
1763,expires
1764,for
1765,import
1766,tal
1767,retaliate
1768,harmonized
1769,councils
1770,government
1771,industries
1772,y
1773,otherwise
1774,resources
1775,define
1776,granting
1777,corrupt
1778,injury
1779,shortening
1780,separate
1781,recommend
1782,r
1783,hat
1784,resources
1785,regular
1786,develop
1787,it
1788,exhibit
1789,issues
1790,report
1791,congress
1792,presidency
1793,prepares
1794,the
1795,both
1796,leaders
1797,breaking
1798,chemists
1799,remiss
1800,characterized
1801,amending
1802,restrain
1803,enforcing
1804,mittees
1805,precious
1806,seized
1807,fluencing
1808,lines
1809,penalties
1810,deter
1811,oration
1812,arbitrary
1813,numerical
1814,prove
1815,sons
1816,extra
1817,polations
1818,commentaries
1819,committ
1820,constructive
1821,may
1822,istrator
1823,choice
1824,sulfuric
1825,most
1826,la
1827,practicable
1828,regu
1829,lations
1830,propensity
1831,promulga
1832,multitude
1833,oxidant
1834,ulti
1835,pressuring
1836,hypothetical
1837,manifest
1838,infamous
1839,v
1840,later
1841,hypothesis
1842,shifted
1843,portions
1844,veritable
1845,explor
1846,expenditure
1847,contentions
1848,focusing
1849,appreciate
1850,patience
1851,occupied
1852,resolving
1853,nical
1854,clair
1855,sessions
1856,enlightenment
1857,mention
1858,delicate
1859,partnership
1860,engineers
1861,subtleties
1862,calculating
1863,governmen
1864,translation
1865,porarily
1866,enigma
1867,i
1868,solution
1869,nominee
1870,phasing
1871,necessity
1872,image
1873,you
1874,formerly
1875,on
1876,was
1877,debevoise
1878,pertains
1879,ruling
1880,doctrine
1881,pretrial
1882,interim
1883,advice
1884,helping
1885,describes
1886,coordinators
1887,cooperatively
1888,firms
1889,things
1890,milestone
1891,presentations
1892,chlorine
1893,coatings
1894,townships
1895,applications
1896,latin
1897,typically
1898,gearing
1899,dt
1900,claim
1901,trained
1902,consistency
1903,enhancing
1904,economical
1905,financed
1906,routing
1907,referencing
1908,conrail
1909,designate
1910,andino
1911,ship
1912,a
1913,packings
1914,points
1915,midtec
1916,terminal
1917,reciprocal
1918,competing
1919,proceeding
1920,reaffirmed
1921,region
1922,highway
1923,favoring
1924,showing
1925,corrosion
1926,educational
1927,mileage
1928,comparison
1929,collectively
1930,activated
1931,details
1932,index
1933,cautiously
1934,regions
1935,police
1936,instructors
1937,terms
1938,proectlve
1939,bulletin
1940,terminology
1941,ambiguous
1942,clothing
1943,encapsulating
1944,mobile
1945,matching
1946,at
1947,test
1948,shale
1949,examined
1950,duration
1951,according
1952,quotations
1953,laboratories
1954,commitments
1955,publicly
1956,polyvinyl
1957,supervised
1958,purposes
1959,through
1960,ommendations
1961,interchange
1962,form
1963,incidentally
1964,friday
1965,exchanging
1966,countrias
1967,diract
1968,prashipmant
1969,fortign
1970,eac
1971,transaction
1972,raprasantativas
1973,maatings
1974,unitad
1975,states
1976,maxico
1977,exports
1978,pariod
1979,axchanga
1980,bagin
1981,improva
1982,intarnational
1983,commlttae
1984,bilataral
1985,dlffarancaa
1986,continuad
1987,idaa
1988,multilataral
1989,sinca
1990,anough
1991,pricas
1992,praparation
1993,disputa
1994,frustration
1995,preoccupation
1996,possibly
1997,strengthening
1998,relief
1999,naadad
2000,onca
2001,ralations
2002,combinad
2003,continua
2004,axamina
2005,alan
2006,oparation
2007,davaloping
2008,alliancas
2009,whita
2010,has
2011,dacidad
2012,raorganiza
2013,disbandad
2014,carriad
2015,dlsbanda
2016,issuas
2017,praviously
2018,axclusivaly
2019,ratainad
2020,invastmant
2021,aithar
2022,mantionad
2023,aarliar
2024,w
2025,baliava
2026,bacoming
2027,integration
2028,communlcations
2029,restructuring
2030,unlike
2031,functional
2032,schematically
2033,consolidate
2034,us
2035,including
2036,slide
2037,hie
2038,fighters
2039,taking
2040,atten
2041,w
2042,tional
2043,redrafting
2044,rewritten
2045,ms
2046,regard
2047,premanufacturing
2048,defusing
2049,satisfy
2050,precluding
2051,timetables
2052,recommending
2053,surveillance
2054,missed
2055,unresponsive
2056,lative
2057,quiet
2058,rejoined
2059,evaluating
2060,opera
2061,unfairly
2062,emotional
2063,conceived
2064,traumatic
2065,entirety
2066,fixes
2067,cosmetic
2068,distant
2069,nation
2070,comprised
2071,as
2072,hearing
2073,respondents
2074,comments
2075,standards
2076,voted
2077,proposed
2078,needless
2079,industrv
2080,pump
2081,october
2082,chemical
2083,offered
2084,polymer
2085,weight
2086,audi
2087,assertions
2088,thes
2089,relaxing
2090,burdensome
2091,approxi
2092,workshop
2093,indicators
2094,date
2095,duality
2096,was
2097,sponsored
2098,federation
2099,purchased
2100,the
2101,company
2102,extensions
2103,granted
2104,developed
2105,has
2106,responses
2107,conference
2108,attendance
2109,speakers
2110,employee
2111,comments
2112,encouraged
2113,quan
2114,been
2115,model
2116,model
2117,strategies
2118,arsenic
2119,tical
2120,respiratory
2121,exposure
2122,g
2123,ask
2124,draft
2125,panel
2126,meet
2127,role
2128,sdonsorina
2129,chlorobenzenes
2130,released
2131,paradichlorobenze
2132,rabbits
2133,embryotoxic
2134,study
2135,law
2136,effects
2137,ethylene
2138,accepted
2139,oxide
2140,em
2141,intercomparison
2142,campaign
2143,flight
2144,he
2145,entists
2146,belgium
2147,aeronautics
2148,snring
2149,underway
2150,ethers
2151,five
2152,intelli
2153,document
2154,thylenedi
2155,ductive
2156,test
2157,mesityl
2158,mm
2159,january
2160,genotoxic
2161,properties
2162,cpsc
2163,substitutes
2164,p
2165,m
2166,product
2167,peneral
2168,objecting
2169,csc
2170,tunity
2171,dep
2172,metabolites
2173,panel
2174,affect
2175,descrihe
2176,phtha
2177,esters
2178,general
2179,pound
2180,watar
2181,part
2182,established
2183,practically
2184,november
2185,appeals
2186,styrene
2187,niosh
2188,prepared
2189,an
2190,testicular
2191,vitro
2192,stover
2193,reagan
2194,regan
2195,returning
2196,enthusiasm
2197,votes
2198,program
2199,old
2200,right
2201,extend
2202,bridges
2203,highways
2204,confronting
2205,inter
2206,cabinet
2207,strong
2208,disagreement
2209,throughout
2210,rearticulated
2211,old
2212,essentially
2213,abrogated
2214,proponents
2215,deregulation
2216,acted
2217,heating
2218,eating
2219,rhetoric
2220,de
2221,colleague
2222,senate
2223,drive
2224,role
2225,several
2226,weighted
2227,n
2228,appro
2229,natural
2230,india
2231,middle
2232,w
2233,complimentary
2234,anxious
2235,fifth
2236,wage
2237,surrounding
2238,casting
2239,decaying
2240,strikes
2241,progressive
2242,perspectives
2243,customized
2244,captives
2245,australia
2246,sponsoring
2247,cscc
2248,interact
2249,decid
2250,containments
2251,canada
2252,ncsxc
2253,x
2254,segulations
2255,organize
2256,secretariat
2257,believ
2258,consulting
2259,pharmaceuticals
2260,the
2261,soon
2262,transnational
2263,corporations
2264,comnunity
2265,nd
2266,withdraw
2267,par
2268,entirely
2269,thirty
2270,irrespective
2271,ninber
2272,petrochemicals
2273,chmical
2274,canadians
2275,recomend
2276,ation
2277,restrict
2278,recommended
2279,integral
2280,duties
2281,fluctuations
2282,entering
2283,detriment
2284,th
2285,undertaking
2286,consultative
2287,achievable
2288,chemical
2289,manufacturers
2290,ether
2291,figure
2292,ny
2293,complement
2294,mediates
2295,has
2296,mutually
2297,feedstock
2298,furthermore
2299,e
2300,the
2301,internal
2302,effect
2303,government
2304,feedstock
2305,ther
2306,neutralized
2307,he
2308,workings
2309,investment
2310,hahn
2311,contingent
2312,investor
2313,understand
2314,parliament
2315,be
2316,canada
2317,introduced
2318,encouraging
2319,such
2320,underway
2321,context
2322,some
2323,tat
2324,include
2325,opposed
2326,ctoral
2327,dress
2328,trade
2329,transshipment
2330,added
2331,system
2332,because
2333,be
2334,given
2335,liberal
2336,canada
2337,rules
2338,barrier
2339,impairment
2340,injured
2341,instance
2342,adequate
2343,should
2344,disputes
2345,effectiv
2346,importantly
2347,mandated
2348,structure
2349,widespread
2350,isacs
2351,adequately
2352,of
2353,for
2354,policy
2355,groundwater
2356,varied
2357,livestock
2358,watering
2359,groundwater
2360,states
2361,after
2362,aquatic
2363,groundwater
2364,groundwater
2365,state
2366,progrmas
2367,recognises
2368,llowing
2369,prograi
2370,up
2371,stion
2372,groundwater
2373,progrm
2374,frotecti
2375,applied
2376,government
2377,nically
2378,board
2379,when
2380,approved
2381,prevent
2382,prevent
2383,proposed
2384,states
2385,groundwitar
2386,th
2387,localized
2388,closely
2389,suited
2390,develop
2391,tailored
2392,realizes
2393,states
2394,dischargus
2395,controlled
2396,appropriata
2397,protecting
2398,ma
2399,ap
2400,pollutants
2401,where
2402,creating
2403,could
2404,proper
2405,whitworth
2406,irvine
2407,tran
2408,keith
2409,patrick
2410,cunningham
2411,turnipseed
2412,rltz
2413,cyril
2414,baldwin
2415,cadieux
2416,davis
2417,vincent
2418,harris
2419,stense
2420,herrman
2421,greenert
2422,arc
2423,michael
2424,pierle
2425,benjamin
2426,indicated
2427,mlamisburg
2428,videotapes
2429,triggered
2430,cogeneration
2431,supplier
2432,justice
2433,ities
2434,detection
2435,statistics
2436,toxics
2437,ring
2438,m
2439,king
2440,advisement
2441,all
2442,aegis
2443,francisco
2444,nineteen
2445,acquaint
2446,identify
2447,rhine
2448,evolution
2449,undergoing
2450,presenting
2451,appointments
2452,vacancies
2453,drawing
2454,delaying
2455,conxnittee
2456,easing
2457,concluding
2458,conmlttee
2459,are
2460,percen
2461,tag
2462,depletion
2463,minerals
2464,stimulate
2465,profits
2466,retention
2467,thinly
2468,have
2469,muscle
2470,considers
2471,backing
2472,con
2473,await
2474,print
2475,hans
2476,nual
2477,reactions
2478,contrac
2479,versial
2480,m
2481,judging
2482,subcomnittee
2483,note
2484,witnesses
2485,draw
2486,atomic
2487,ell
2488,christofano
2489,incorporated
2490,cambridge
2491,d
2492,himself
2493,symuleski
2494,scenarios
2495,tentative
2496,plinary
2497,execution
2498,gratitude
2499,outstanding
2500,nts
2501,denyes
2502,deny
2503,belief
2504,aggressively
2505,all
2506,spilner
2507,agriculture
2508,electronic
2509,quilt
2510,some
2511,posturing
2512,downright
2513,foolish
2514,wisdom
2515,competitors
2516,rlght
2517,reminded
2518,saudi
2519,hisham
2520,nazir
2521,merchandise
2522,straight
2523,obtains
2524,weakening
2525,decline
2526,consolation
2527,dissect
2528,picture
2529,slow
2530,gloomier
2531,in
2532,exporting
2533,tles
2534,sustain
2535,traffic
2536,ripples
2537,bromine
2538,horizon
2539,equitable
2540,opening
2541,fault
2542,allies
2543,beliave
2544,exercise
2545,spllner
2546,subordinated
2547,sense
2548,charity
2549,situate
2550,repatriated
2551,acquired
2552,crucial
2553,countervailed
2554,wash
2555,dither
2556,something
2557,wording
2558,party
2559,ently
2560,tighten
2561,remedies
2562,predictable
2563,prosecution
2564,violators
2565,uncovering
2566,mixed
2567,countervailable
2568,same
2569,gibbons
2570,opposite
2571,glbbon
2572,middle
2573,oriented
2574,offensive
2575,defensive
2576,patriots
2577,occasionally
2578,cempanies
2579,champion
2580,aggressive
2581,reestablish
2582,committt
2583,facing
2584,accomplishad
2585,has
2586,briaf
2587,raviaw
2588,shipm
2589,estlmatad
2590,incoma
2591,shipmants
2592,naral
2593,write
2594,incraasa
2595,earning
2596,anothar
2597,incraasad
2598,disappaar
2599,way
2600,thar
2601,whila
2602,ralativaly
2603,rat
2604,b
2605,comparativa
2606,control
2607,rastrictad
2608,sometimes
2609,producer
2610,authorizes
2611,agreements
2612,enforceable
2613,imports
2614,producers
2615,stricter
2616,imports
2617,sure
2618,become
2619,after
2620,month
2621,lobbuists
2622,prom
2623,often
2624,anything
2625,pointed
2626,layering
2627,sharpening
2628,tact
2629,lungs
2630,these
2631,mca
2632,begins
2633,assumption
2634,supplied
2635,permitted
2636,ecutive
2637,op
2638,dissolved
2639,luncheons
2640,took
2641,dinated
2642,stymied
2643,advance
2644,a
2645,ority
2646,wilbur
2647,pr
2648,sweeping
2649,treasury
2650,nader
2651,also
2652,means
2653,treasury
2654,eminence
2655,made
2656,flanigan
2657,report
2658,intervenors
2659,with
2660,single
2661,percentage
2662,trending
2663,inappropriate
2664,contending
2665,prescribe
2666,therefore
2667,adequate
2668,request
2669,pertinent
2670,workers
2671,exposures
2672,obtain
2673,request
2674,response
2675,export
2676,consultants
2677,practicable
2678,available
2679,technology
2680,group
2681,proposed
2682,solid
2683,cpmmittee
2684,ensuing
2685,regula
2686,bloch
2687,chemistry
2688,e
2689,coffenberg
2690,compensated
2691,per
2692,mile
2693,suppliers
2694,supplying
2695,prior
2696,allowance
2697,difference
2698,system
2699,as
2700,compensa
2701,adjudicated
2702,complaint
2703,e
2704,tablished
2705,between
2706,refiners
2707,edible
2708,leasing
2709,r
2710,accomplishes
2711,compen
2712,salon
2713,annualized
2714,relation
2715,adjust
2716,aggregate
2717,a
2718,valuations
2719,valued
2720,are
2721,reassigned
2722,miles
2723,load
2724,san
2725,or
2726,canceling
2727,super
2728,polluting
2729,dubious
2730,test
2731,desired
2732,subcom
2733,unfortunate
2734,christmas
2735,companion
2736,nine
2737,adequately
2738,lnmediate
2739,lntermodal
2740,physical
2741,important
2742,hazardous
2743,him
2744,response
2745,simultaneously
2746,m
2747,spi
2748,functions
2749,hazardous
2750,ordinated
2751,escalating
2752,at
2753,dockets
2754,uninsulated
2755,flanmable
2756,humping
2757,rolling
2758,as
2759,ark
2760,docket
2761,after
2762,segregation
2763,concluded
2764,poisons
2765,less
2766,rating
2767,federal
2768,authorised
2769,vehicles
2770,freight
2771,haight
2772,allowing
2773,weights
2774,member
2775,dialogues
2776,successful
2777,september
2778,bearing
2779,composite
2780,a
2781,scheduled
2782,explanation
2783,ma
2784,demonstra
2785,induced
2786,country
2787,restraint
2788,population
2789,convenient
2790,broadening
2791,intrastate
2792,dramatize
2793,disastrous
2794,gain
2795,founding
2796,hospitals
2797,builders
2798,professions
2799,comparative
2800,exclusion
2801,minors
2802,texans
2803,discourage
2804,wheeling
2805,avoided
2806,preservation
2807,investments
2808,nearing
2809,attainment
2810,sierra
2811,intervenor
2812,flight
2813,resourcing
2814,recruit
2815,consciously
2816,very
2817,vorking
2818,news
2819,putting
2820,forvard
2821,defensible
2822,laws
2823,cotmnunicatlon
2824,reviev
2825,strides
2826,what
2827,overseeing
2828,illnesses
2829,oaa
2830,professionals
2831,x
2832,that
2833,kinds
2834,functioned
2835,dramatically
2836,lave
2837,builds
2838,embodies
2839,classify
2840,articulated
2841,postponing
2842,conslttee
2843,collaborative
2844,couittee
2845,troubling
2846,finss
2847,cooiblctee
2848,unbending
2849,antagonists
2850,invaluable
2851,conslttee
2852,driven
2853,inconsistency
2854,collaborating
2855,routinely
2856,comunity
2857,response
2858,year
2859,workplace
2860,recomending
2861,i
2862,senate
2863,resources
2864,excessively
2865,commencing
2866,ohsa
2867,confident
2868,successfully
2869,programs
2870,evaluate
2871,asking
2872,prompt
2873,tracks
2874,sixteen
2875,correlation
2876,less
2877,address
2878,gas
2879,o
2880,pas
2881,results
2882,underway
2883,ow
2884,survey
2885,energy
2886,year
2887,petroleum
2888,categorically
2889,explained
2890,premiums
2891,agreed
2892,coranercial
2893,windfall
2894,human
2895,accepting
2896,rejecting
2897,commun
2898,cations
2899,blend
2900,nurturing
2901,kind
2902,pittsburgh
2903,profile
2904,kits
2905,programming
2906,continuas
2907,axpand
2908,biweekly
2909,station
2910,actually
2911,lou
2912,plana
2913,derailment
2914,audience
2915,junior
2916,winners
2917,displayed
2918,sible
2919,solve
2920,tapping
2921,pea
2922,aired
2923,approximate
2924,showings
2925,continual
2926,transmit
2927,viewers
2928,audio
2929,visual
2930,satellite
2931,relati
2932,mination
2933,appreciates
2934,perceives
2935,reinforced
2936,steadily
2937,dishonest
2938,motivated
2939,outcries
2940,preoccupying
2941,md
2942,stration
2943,surprise
2944,bridge
2945,deal
2946,marriage
2947,fruit
2948,illustrate
2949,accomplish
2950,madti
2951,experiment
2952,learning
2953,feeling
2954,tinues
2955,televi
2956,salon
2957,glp
2958,consciousness
2959,ndustry
2960,bution
2961,recomend
2962,programs
2963,consist
2964,terminated
2965,the
2966,officer
2967,cation
2968,supranational
2969,bodies
2970,delegations
2971,effect
2972,than
2973,determined
2974,osha
2975,expectations
2976,worldwide
2977,examine
2978,ending
2979,expenses
2980,unallocated
2981,reimbursement
2982,salaries
2983,graphics
2984,direct
2985,resins
2986,polychlorinated
2987,biphenyl
2988,trichloroethylene
2989,dialkyl
2990,feeding
2991,det
2992,cosmetics
2993,nominated
2994,skin
2995,dermal
2996,metabolism
2997,studied
2998,unwise
2999,social
3000,eighteen
3001,iberville
3002,parishes
3003,satellites
3004,expansions
3005,progressively
3006,incurred
3007,budget
3008,incur
3009,slight
3010,allied
3011,nega
3012,cor
3013,rections
3014,minute
3015,attributed
3016,reputation
3017,minimization
3018,improving
3019,min
3020,groundwater
3021,represen
3022,tatives
3023,proactively
3024,tumipseed
3025,o
3026,reintroduced
3027,credible
3028,articular
3029,notify
3030,talk
3031,sices
3032,con
3033,saving
3034,eoonunity
3035,compensating
3036,variables
3037,transporting
3038,marine
3039,dumping
3040,curtail
3041,fifteenth
3042,encompassing
3043,size
3044,elizabeth
3045,landing
3046,energies
3047,railfoad
3048,captive
3049,subscriber
3050,badische
3051,flan
3052,bfgoodrich
3053,mobil
3054,nepera
3055,chemie
3056,diamond
3057,kaiser
3058,aluminum
3059,mallinckrodt
3060,merichem
3061,reilly
3062,m
3063,shell
3064,velsicol
3065,sterling
3066,uniroyal
3067,vista
3068,witco
3069,exceptionally
3070,waste
3071,prominent
3072,defending
3073,commun
3074,subcommittees
3075,welldefined
3076,tation
3077,varying
3078,applying
3079,coding
3080,establishments
3081,authorrized
3082,bioassay
3083,far
3084,defined
3085,controversies
3086,arrived
3087,served
3088,prided
3089,company
3090,cutting
3091,reauthorization
3092,christman
3093,groups
3094,chemm
3095,m
3096,issuesy
3097,group
3098,sixth
3099,biggs
3100,fitzgerald
3101,sidney
3102,mcrennon
3103,marchesani
3104,juliana
3105,watkins
3106,advisor
3107,specialty
3108,later
3109,i
3110,news
3111,mendations
3112,premised
3113,deliberate
3114,accessing
3115,martin
3116,insure
3117,exploring
3118,itema
3119,amendment
3120,changes
3121,nominating
3122,resolutions
3123,checking
3124,ns
3125,bank
3126,depository
3127,honoring
3128,affixed
3129,specimens
3130,herein
3131,pension
3132,thrift
3133,filed
3134,experienced
3135,shortest
3136,survived
3137,overridden
3138,amid
3139,frantic
3140,after
3141,somewhat
3142,cmad
3143,jitters
3144,squabbles
3145,abbreviated
3146,last
3147,parliamentary
3148,manuevering
3149,heavier
3150,controversial
3151,federal
3152,exploration
3153,senator
3154,invest
3155,gallons
3156,horizontal
3157,commerce
3158,board
3159,strict
3160,controls
3161,backbone
3162,jimmy
3163,candidate
3164,bitter
3165,bat
3166,later
3167,e
3168,dilemma
3169,delicacy
3170,motivate
3171,castigated
3172,must
3173,officeholders
3174,machinery
3175,export
3176,personnel
3177,party
3178,revealed
3179,departing
3180,observers
3181,wielded
3182,appears
3183,recent
3184,we
3185,olive
3186,support
3187,touching
3188,sense
3189,independence
3190,moreover
3191,polished
3192,sponsors
3193,watchers
3194,speculating
3195,however
3196,stimulus
3197,people
3198,podium
3199,has
3200,supports
3201,mines
3202,appalachia
3203,would
3204,opposes
3205,faces
3206,ratio
3207,closer
3208,house
3209,realignment
3210,w
3211,house
3212,running
3213,ra
3214,merchant
3215,fisheries
3216,control
3217,debate
3218,another
3219,dldn
3220,the
3221,affairs
3222,most
3223,space
3224,thee
3225,memberships
3226,responsi
3227,senator
3228,adlai
3229,sulphur
3230,springs
3231,order
3232,treasurer
3233,cresols
3234,superfund
3235,singley
3236,shellchemical
3237,presidents
3238,or
3239,eisenhower
3240,chellgren
3241,eckardt
3242,hoffman
3243,johnstone
3244,sarni
3245,stewart
3246,secretary
3247,treasurer
3248,baird
3249,heilman
3250,holtzman
3251,juliane
3252,herman
3253,expenses
3254,holmer
3255,appointment
3256,eresols
3257,projects
3258,followed
3259,reemphasize
3260,borrowing
3261,cleanup
3262,past
3263,installments
3264,agreed
3265,unsupportable
3266,m
3267,remained
3268,engaging
3269,securing
3270,clean
3271,together
3272,motion
3273,cresols
3274,cresols
3275,store
3276,company
3277,personnel
3278,program
3279,emanating
3280,cresol
3281,matters
3282,laws
3283,s
3284,nalls
3285,be
3286,murry
3287,joe
3288,general
3289,electric
3290,avenue
3291,takashima
3292,to
3293,koppers
3294,ran
3295,suite
3296,texas
3297,yamaguchi
3298,mitsui
3299,counsel
3300,mckenna
3301,proposed
3302,order
3303,accept
3304,program
3305,impact
3306,company
3307,personnel
3308,approval
3309,roster
3310,way
3311,byron
3312,pasadena
3313,pike
3314,mallinckrodt
3315,earle
3316,butterfield
3317,rooke
3318,knight
3319,k
3320,redaction
3321,meeting
3322,substances
3323,apprehension
3324,named
3325,breakup
3326,ts
3327,rate
3328,anti
3329,nothing
3330,ineffectual
3331,longtime
3332,mollie
3333,retain
3334,at
3335,evidently
3336,thickness
3337,systematic
3338,redaction
3339,repeated
3340,nonresponsive
3341,discovery
3342,conceals
3343,indeed
3344,relevant
3345,o
3346,pursuit
3347,concern
3348,mind
3349,interject
3350,spokesman
3351,slides
3352,cars
3353,furnish
3354,sordid
3355,needs
3356,purpose
3357,concealed
3358,polling
3359,respondents
3360,believable
3361,such
3362,approaching
3363,result
3364,promise
3365,reissue
3366,ordered
3367,governmental
3368,documentation
3369,propertied
3370,oi
3371,krumrei
3372,summit
3373,fraction
3374,ak
3375,adulteration
3376,concealed
3377,not
3378,becoming
3379,hygiene
3380,w
3381,est
3382,unions
3383,more
3384,irving
3385,selicoff
3386,unflattering
3387,reversing
3388,morton
3389,ild
3390,employers
3391,lesion
3392,epa
3393,consisted
3394,epa
3395,mistaken
3396,reanalysis
3397,dropping
3398,recollection
3399,leaving
3400,than
3401,selecting
3402,complaints
3403,glut
3404,analogizes
3405,managers
3406,concealing
3407,wrestling
3408,between
3409,systematically
3410,hey
3411,understood
3412,engaged
3413,nader
3414,possessive
3415,lawyers
3416,counteract
3417,foundations
3418,concealed
3419,inherent
3420,concealed
3421,laboratory
3422,regionally
3423,controlled
3424,concealed
3425,total
3426,hinges
3427,no
3428,hydrocarbon
3429,every
3430,sources
3431,discoverable
3432,willful
3433,current
3434,percentage
3435,land
3436,should
3437,ensue
3438,egregious
3439,deletion
3440,hired
3441,references
3442,attorneys
3443,time
3444,leaning
3445,rein
3446,boasting
3447,conspicuous
3448,untimely
3449,demonstrate
3450,hydrocarbon
3451,moyna
3452,food
3453,turing
3454,made
3455,ignorance
3456,negli
3457,tential
3458,pharmaceutical
3459,manu
3460,trative
3461,relies
3462,reflection
3463,haldor
3464,pasadena
3465,x
3466,subchronic
3467,muta
3468,oleylamine
3469,explora
3470,intends
3471,oleylamine
3472,unpublished
3473,literature
3474,ration
3475,dublin
3476,lichtenwalter
3477,corsincana
3478,lincoln
3479,m
3480,tourism
3481,memorial
3482,means
3483,ro
3484,reauthor
3485,districts
3486,ministration
3487,arc
3488,receipts
3489,borrowings
3490,amortized
3491,recoveries
3492,tightly
3493,societal
3494,slight
3495,married
3496,commits
3497,erosive
3498,articulate
3499,fairness
3500,dispose
3501,environmentally
3502,grandiose
3503,quilt
3504,maidens
3505,dedicate
3506,democractic
3507,resistance
3508,knife
3509,heard
3510,severe
3511,impose
3512,gasoline
3513,spending
3514,increment
3515,expended
3516,repaid
3517,contributors
3518,option
3519,doubling
3520,aforementioned
3521,petro
3522,domain
3523,superior
3524,theui
3525,differs
3526,ss
3527,nual
3528,tax
3529,dilute
3530,solids
3531,penalized
3532,jobs
3533,econometric
3534,convertible
3535,projections
3536,and
3537,injuries
3538,compromises
3539,proving
3540,alleging
3541,apportion
3542,separating
3543,fueling
3544,manifested
3545,complete
3546,equivocal
3547,inferences
3548,v
3549,summarizes
3550,reimburse
3551,years
3552,issu
3553,illustrated
3554,geometric
3555,violence
3556,notions
3557,perceptions
3558,w
3559,uncertainty
3560,persist
3561,anxiety
3562,suits
3563,diseases
3564,burial
3565,psychological
3566,accompanying
3567,sice
3568,qualify
3569,tried
3570,capping
3571,claimant
3572,offsetting
3573,entitlement
3574,members
3575,simplest
3576,presumptions
3577,endorsing
3578,hesitant
3579,occupationally
3580,valid
3581,sustained
3582,creative
3583,theories
3584,exclusive
3585,protections
3586,resorting
3587,sympathetic
3588,verdicts
3589,m
3590,federalized
3591,integrate
3592,spillover
3593,afflicted
3594,universe
3595,tvolving
3596,intolerable
3597,support
3598,variances
3599,performance
3600,as
3601,costle
3602,appropriation
3603,rain
3604,discusses
3605,federal
3606,cost
3607,funds
3608,market
3609,management
3610,stewardship
3611,filling
3612,would
3613,radios
3614,women
3615,home
3616,economists
3617,merging
3618,academia
3619,sccma
3620,virtually
3621,chlorinated
3622,budget
3623,reform
3624,sharply
3625,placing
3626,reasonable
3627,related
3628,refinement
3629,retrieval
3630,registry
3631,m
3632,leukemia
3633,agency
3634,reasonable
3635,produced
3636,stating
3637,approach
3638,congress
3639,after
3640,workshop
3641,secretary
3642,regulatory
3643,problem
3644,one
3645,fleming
3646,totalling
3647,by
3648,vc
3649,styrine
3650,state
3651,regulatory
3652,advocate
3653,house
3654,occurred
3655,permanent
3656,sometime
3657,data
3658,bee
3659,polymers
3660,busy
3661,audit
3662,vc
3663,internally
3664,knowing
3665,related
3666,not
3667,unredacted
3668,hers
3669,redacting
3670,admittedly
3671,reports
3672,apparent
3673,multicomponent
3674,fitness
3675,overwhelming
3676,agency
3677,feelings
3678,clarity
3679,allegations
3680,furtherance
3681,substance
3682,propose
3683,ether
3684,member
3685,undecided
3686,happened
3687,retirees
3688,late
3689,child
3690,ic
3691,purposed
3692,proposal
3693,broading
3694,replacing
3695,d
3696,workshops
3697,mortality
3698,covers
3699,panlc
3700,spa
3701,emotion
3702,however
3703,l
3704,tacts
3705,l
3706,earn
3707,recent
3708,seems
3709,assemble
3710,organise
3711,tr
3712,deconcentration
3713,frederick
3714,aring
3715,fli
3716,internally
3717,improv
3718,retained
3719,aside
3720,particualrly
3721,apportionment
3722,deductions
3723,revis
3724,overcoming
3725,n
3726,taken
3727,relieved
3728,rep
3729,resentatives
3730,underlying
3731,gulatlons
3732,simple
3733,inspectors
3734,fori
3735,mulation
3736,disclosed
3737,topical
3738,day
3739,oper
3740,ations
3741,safety
3742,moisture
3743,plastic
3744,o
3745,metric
3746,conversion
3747,reg
3748,ulations
3749,used
3750,reports
3751,two
3752,valve
3753,unloading
3754,storage
3755,procedures
3756,slate
3757,affected
3758,pass
3759,fibre
3760,u
3761,acids
3762,sales
3763,latlons
3764,small
3765,group
3766,bulletins
3767,loading
3768,bracing
3769,blocking
3770,piggyback
3771,specify
3772,new
3773,carboys
3774,carboy
3775,employees
3776,spon
3777,attendees
3778,applicatlons
3779,applying
3780,boxes
3781,affect
3782,most
3783,on
3784,that
3785,equitably
3786,subrogation
3787,abolished
3788,integrated
3789,attributable
3790,extraordinary
3791,devices
3792,medically
3793,imputed
3794,maxima
3795,insurable
3796,retroactive
3797,refine
3798,combine
3799,scries
3800,compiled
3801,gainful
3802,dts
3803,premanufacture
3804,certify
3805,emphasizes
3806,propagation
3807,detprmined
3808,seag
3809,dichloride
3810,edc
3811,calcium
3812,cobale
3813,conveying
3814,flares
3815,epidemiologic
3816,vinylldene
3817,va
3818,intsrnational
3819,convsntion
3820,compansation
3821,carriage
3822,noxious
3823,cma
3824,sampling
3825,habicht
3826,candid
3827,pretreatmenc
3828,dischargers
3829,noncompliance
3830,reevaluation
3831,oska
3832,confined
3833,symposia
3834,ravisad
3835,amphasis
3836,cuidebooks
3837,feedstock
3838,unsatisfactory
3839,partial
3840,month
3841,work
3842,shah
3843,electronics
3844,sharply
3845,assaults
3846,part
3847,substances
3848,legal
3849,brands
3850,new
3851,speaker
3852,weaving
3853,appearances
3854,saying
3855,health
3856,these
3857,energy
3858,up
3859,roots
3860,spotlight
3861,for
3862,lurking
3863,by
3864,identity
3865,comprise
3866,denial
3867,sianufacturers
3868,photographic
3869,futile
3870,arrive
3871,hinted
3872,normally
3873,halting
3874,envi
3875,terato
3876,calen
3877,tative
3878,collecting
3879,mmendatlon
3880,fessional
3881,recession
3882,recommitment
3883,banking
3884,healthiest
3885,sanctions
3886,soviet
3887,standpoint
3888,smoot
3889,depression
3890,prepare
3891,trip
3892,chaotic
3893,tinue
3894,independently
3895,petrochemi
3896,cover
3897,shifts
3898,employing
3899,tribunal
3900,fall
3901,panels
3902,proprietary
3903,guaranteeing
3904,confederation
3905,foreigh
3906,discarded
3907,lived
3908,flexible
3909,illus
3910,affording
3911,corpora
3912,morristown
3913,henniker
3914,family
3915,jacksonville
3916,magazine
3917,typesetting
3918,explain
3919,on
3920,complementing
3921,shipp
3922,tively
3923,rall
3924,nonaccident
3925,automatic
3926,mined
3927,ici
3928,unsubstantial
3929,fossil
3930,deregula
3931,ark
3932,rendering
3933,distort
3934,interfuel
3935,rective
3936,s
3937,ashrae
3938,circular
3939,pederal
3940,hydraulic
3941,metallic
3942,foundati
3943,nsps
3944,zink
3945,k
3946,ef
3947,sug
3948,gestions
3949,technique
3950,nonattainment
3951,density
3952,d
3953,trea
3954,preserving
3955,edison
3956,develop
3957,founda
3958,impoundments
3959,improvement
3960,consol
3961,mineral
3962,rea
3963,subconmittee
3964,conclu
3965,document
3966,shortcomings
3967,titled
3968,wyoming
3969,consol
3970,idated
3971,treat
3972,rlght
3973,mmittee
3974,undar
3975,direasses
3976,e
3977,itc
3978,encourage
3979,marcia
3980,submittad
3981,mode
3982,emption
3983,ls
3984,com
3985,pleted
3986,preifeld
3987,toxi
3988,try
3989,ational
3990,optimal
3991,checklist
3992,ra
3993,uld
3994,reopening
3995,sultant
3996,threshold
3997,risc
3998,teratogenie
3999,research
4000,judgment
4001,indus
4002,area
4003,quar
4004,substituted
4005,epoxides
4006,timetable
4007,study
4008,state
4009,ethylene
4010,egme
4011,passed
4012,thurmond
4013,brick
4014,canada
4015,house
4016,midwestern
4017,heep
4018,reservations
4019,problems
4020,aca
4021,transfer
4022,inventor
4023,lagislaeurts
4024,ava
4025,sassions
4026,reflecting
4027,programs
4028,slower
4029,coy
4030,delaware
4031,ul
4032,tracking
4033,national
4034,manag
4035,spokesmen
4036,ti
4037,vetoed
4038,ordinances
4039,connnunity
4040,order
4041,a
4042,increased
4043,be
4044,be
4045,massachusetts
4046,spill
4047,progress
4048,samaritan
4049,group
4050,delineate
4051,ben
4052,sas
4053,reorganized
4054,m
4055,shaping
4056,th
4057,interlocked
4058,suppor
4059,magazines
4060,remainder
4061,advertisements
4062,ers
4063,eve
4064,or
4065,spokespersons
4066,iron
4067,file
4068,adaptions
4069,included
4070,video
4071,another
4072,members
4073,threeminute
4074,ate
4075,produced
4076,target
4077,contact
4078,broadcasters
4079,es
4080,talked
4081,placement
4082,major
4083,broadcasting
4084,of
4085,markets
4086,line
4087,leaflets
4088,communicators
4089,greenwich
4090,contact
4091,members
4092,introductory
4093,taping
4094,saction
4095,twelve
4096,members
4097,clean
4098,promotion
4099,bookings
4100,member
4101,strives
4102,current
4103,media
4104,publics
4105,isophorone
4106,mitted
4107,biphenyls
4108,pcbs
4109,as
4110,measuring
4111,bioresearch
4112,x
4113,zinc
4114,rebid
4115,mca
4116,aeries
4117,testinq
4118,electing
4119,prestige
4120,friendly
4121,persuasion
4122,recalcitrant
4123,rico
4124,act
4125,pm
4126,besides
4127,u
4128,tauzin
4129,at
4130,categorical
4131,are
4132,cosnlttee
4133,sewage
4134,zimmerman
4135,blending
4136,waste
4137,dumpsite
4138,strains
4139,moynihan
4140,quire
4141,sumary
4142,steinberg
4143,ostensibly
4144,sideshow
4145,winn
4146,characterize
4147,circus
4148,litany
4149,strategy
4150,withstood
4151,live
4152,connlttee
4153,adversarial
4154,barring
4155,fixed
4156,rigorous
4157,data
4158,a
4159,genetic
4160,predisposed
4161,rushing
4162,deregulation
4163,coimnerce
4164,petrochemical
4165,distress
4166,subsidy
4167,dormant
4168,claimed
4169,cooperating
4170,reciprocity
4171,part
4172,hightechnology
4173,content
4174,fourth
4175,severity
4176,magnitude
4177,underestimated
4178,headline
4179,grabbing
4180,staggering
4181,drives
4182,dominos
4183,figures
4184,inflated
4185,campaigns
4186,milwaukee
4187,chanting
4188,jusc
4189,comnictee
4190,immediate
4191,preemptive
4192,refinery
4193,reogranize
4194,caption
4195,cosmercial
4196,managerial
4197,reeoaaendations
4198,curtailment
4199,iapaet
4200,cheaieal
4201,rsprssentatives
4202,purview
4203,klausmeier
4204,strictly
4205,computerized
4206,lectrical
4207,reissued
4208,these
4209,priate
4210,resisted
4211,detrimental
4212,disconnect
4213,magnetic
4214,underlined
4215,typical
4216,straightforward
4217,demanding
4218,area
4219,stalled
4220,retro
4221,turnpike
4222,pitfalls
4223,editor
4224,calculations
4225,voluminous
4226,retrieve
4227,were
4228,explosion
4229,detonation
4230,dictates
4231,wise
4232,foresighted
4233,short
4234,comings
4235,comparatively
4236,prophylactic
4237,fabricators
4238,connotations
4239,explosions
4240,very
4241,dictated
4242,appointm
4243,widelykn
4244,vides
4245,vixis
4246,formalized
4247,explains
4248,stituent
4249,com
4250,introduction
4251,seventieth
4252,pinnacle
4253,files
4254,sullivan
4255,krumrei
4256,trowbridge
4257,vanderbilt
4258,harriette
4259,witmer
4260,cost
4261,dabovich
4262,norwich
4263,goldstein
4264,pitts
4265,atlantic
4266,polite
4267,slavick
4268,tritsch
4269,noting
4270,levying
4271,varies
4272,cowps
4273,incentive
4274,pvith
4275,whichhas
4276,widest
4277,voted
4278,sentence
4279,applicant
4280,unpaid
4281,succeeding
4282,prescribed
4283,nancial
4284,deposited
4285,quired
4286,faith
4287,fees
4288,appoint
4289,second
4290,dur
4291,place
4292,brought
4293,relevance
4294,insert
4295,repeating
4296,ul
4297,servation
4298,pretreatment
4299,preven
4300,entation
4301,donley
4302,e
4303,twothirds
4304,statement
4305,statement
4306,energy
4307,premise
4308,listened
4309,demo
4310,estab
4311,lishment
4312,wn
4313,congres
4314,sional
4315,medium
4316,premium
4317,wide
4318,severing
4319,ington
4320,instrument
4321,merited
4322,lobbyists
4323,telling
4324,fall
4325,bonafide
4326,misunderstand
4327,overestimate
4328,margins
4329,ducation
4330,sense
4331,islators
4332,legislator
4333,brightest
4334,pfizer
4335,persuasive
4336,gore
4337,d
4338,prevail
4339,mechanics
4340,slick
4341,niques
4342,promises
4343,stemming
4344,bribery
4345,questionable
4346,trievable
4347,permanent
4348,timated
4349,appreci
4350,tablish
4351,correlations
4352,coupled
4353,infor
4354,mation
4355,reliefs
4356,location
4357,validate
4358,photochemical
4359,photolytic
4360,non
4361,intensely
4362,viated
4363,adl
4364,delineated
4365,requir
4366,professionally
4367,fide
4368,member
4369,carries
4370,tributed
4371,ma
4372,dominate
4373,wanting
4374,persistently
4375,substantiated
4376,isolated
4377,ceptions
4378,be
4379,differently
4380,swim
4381,for
4382,done
4383,energetically
4384,handcuffing
4385,neutralize
4386,hammering
4387,precise
4388,fr
4389,bls
4390,attain
4391,diverand
4392,sianaged
4393,mixture
4394,conversation
4395,obser
4396,vations
4397,rcra
4398,nicely
4399,vitb
4400,inadvertent
4401,c
4402,operative
4403,cheatical
4404,organics
4405,streamlined
4406,correct
4407,fruits
4408,rectify
4409,exceedingly
4410,matters
4411,preenption
4412,are
4413,slides
4414,vith
4415,hostile
4416,nion
4417,emphasised
4418,transport
4419,stressing
4420,sending
4421,lives
4422,edu
4423,probable
4424,sights
4425,enact
4426,compiled
4427,transmitted
4428,questioned
4429,ministrative
4430,warranties
4431,javits
4432,omitted
4433,sneath
4434,beryllium
4435,city
4436,determines
4437,is
4438,violate
4439,caustic
4440,atmospheric
4441,cognizance
4442,proximately
4443,nominate
4444,group
4445,volunteering
4446,govern
4447,inbound
4448,transit
4449,confirm
4450,ficant
4451,derailments
4452,predominate
4453,confirms
4454,alike
4455,audiences
4456,ecological
4457,has
4458,extraction
4459,hospital
4460,collective
4461,s
4462,superintendent
4463,agenda
4464,carpenter
4465,fairway
4466,silverado
4467,epa
4468,zdantity
4469,raconnandation
4470,businass
4471,dr
4472,baton
4473,tomlinson
4474,previ
4475,post
4476,forecasted
4477,up
4478,recruitment
4479,tacting
4480,resigned
4481,climax
4482,publicker
4483,cussions
4484,bar
4485,conmlttee
4486,d
4487,notion
4488,will
4489,celling
4490,incremental
4491,prohihltlona
4492,taxas
4493,aa
4494,oaparcaaae
4495,bulldlaga
4496,voluntarily
4497,emimattt
4498,buaineaa
4499,conaervation
4500,coaaitte
4501,laauea
4502,used
4503,was
4504,horizons
4505,overregulation
4506,bepublican
4507,likes
4508,expired
4509,reinforce
4510,ignored
4511,decidedly
4512,indiana
4513,consumption
4514,be
4515,afraid
4516,cubic
4517,restraints
4518,predominantly
4519,legislated
4520,replies
4521,de
4522,induction
4523,structuring
4524,alleviate
4525,injuryfree
4526,ologic
4527,fluorocarbons
4528,residence
4529,catalytic
4530,destruction
4531,particles
4532,octo
4533,wherein
4534,inhalation
4535,intelligence
4536,lligence
4537,maltoni
4538,angiosarcoma
4539,liver
4540,franklin
4541,edit
4542,resolu
4543,rindustry
4544,objectionable
4545,srief
4546,witness
4547,hear
4548,fringe
4549,capa
4550,hildenbrand
4551,ale
4552,furnished
4553,oc
4554,casions
4555,christopher
4556,doris
4557,baquine
4558,joins
4559,vention
4560,bls
4561,integrates
4562,law
4563,articles
4564,coun
4565,nitrogen
4566,outweigh
4567,provi
4568,acts
4569,falls
4570,conven
4571,a
4572,awaits
4573,have
4574,situs
4575,recreation
4576,wilderness
4577,weatherize
4578,appliances
4579,pickard
4580,compelling
4581,sidered
4582,fishable
4583,swimmable
4584,datacollection
4585,middlemanagers
4586,b
4587,correction
4588,vigorously
4589,uneasiness
4590,boycotting
4591,exclusively
4592,unilateral
4593,fullfillment
4594,sprawling
4595,overlapping
4596,displeasure
4597,usurpation
4598,rlght
4599,matically
4600,submits
4601,discharged
4602,logically
4603,abolish
4604,expand
4605,technology
4606,secretary
4607,cherrington
4608,children
4609,uliman
4610,b
4611,conser
4612,vation
4613,amid
4614,posts
4615,ca
4616,farreaching
4617,yardstick
4618,readied
4619,n
4620,neighborhood
4621,acterize
4622,cautious
4623,lacking
4624,aides
4625,blueprint
4626,performed
4627,strategy
4628,cure
4629,on
4630,pursuant
4631,occasioned
4632,consumer
4633,amount
4634,than
4635,term
4636,employees
4637,salary
4638,unattractive
4639,and
4640,retiree
4641,years
4642,between
4643,cmast
4644,levels
4645,imposes
4646,lies
4647,ordinary
4648,salary
4649,several
4650,a
4651,value
4652,added
4653,plan
4654,would
4655,covered
4656,ef
4657,episode
4658,trail
4659,transcending
4660,amazing
4661,posts
4662,tightened
4663,attempt
4664,metropolitan
4665,drastic
4666,oxides
4667,photo
4668,buildup
4669,precisely
4670,contiguous
4671,abandoning
4672,thesis
4673,banding
4674,fying
4675,fluid
4676,oxidants
4677,procession
4678,fuming
4679,derlved
4680,radian
4681,centration
4682,periods
4683,sumer
4684,crystallized
4685,needing
4686,ethylbenzene
4687,nitrobenzene
4688,silver
4689,hydroscience
4690,socially
4691,promulgating
4692,investigate
4693,pharmacodynamics
4694,ingested
4695,involve
4696,balloting
4697,broed
4698,audits
4699,auditor
4700,disband
4701,reconstituted
4702,stratospheric
4703,tissues
4704,histopathology
4705,performing
4706,dlsbursed
4707,em
4708,agancias
4709,maccars
4710,repack
4711,char
4712,thirteen
4713,secretaries
4714,outsida
4715,clerical
4716,tne
4717,credited
4718,dally
4719,executing
4720,pating
4721,disbursements
4722,uncommitted
4723,box
4724,ating
4725,on
4726,integrity
4727,hm
4728,playing
4729,penetrating
4730,reevaluating
4731,accomplistazents
4732,chloro
4733,benzenes
4734,macarial
4735,guidebooks
4736,terminals
4737,guidebook
4738,engine
4739,exceptionally
4740,tation
4741,modernized
4742,virtually
4743,tide
4744,deviations
4745,put
4746,deteraine
4747,cheaicals
4748,caabridge
4749,cheaical
4750,envlronaantal
4751,everything
4752,emotions
4753,disagreed
4754,bet
4755,crises
4756,rebuild
4757,realize
4758,evening
4759,mishap
4760,failsafe
4761,sincere
4762,aiddle
4763,perait
4764,coaaitaent
4765,aedia
4766,tragic
4767,literally
4768,fielded
4769,solving
4770,efforts
4771,one
4772,d
4773,lautenberg
4774,missouri
4775,remedial
4776,leveled
4777,vermont
4778,negligence
4779,appropriated
4780,unreimbursed
4781,survivors
4782,contaminated
4783,dumpsites
4784,treating
4785,technologies
4786,riley
4787,reverting
4788,summarize
4789,maine
4790,debating
4791,corporate
4792,upholding
4793,defines
4794,confines
4795,designates
4796,explosives
4797,peroxides
4798,hampshire
4799,illinois
4800,potentials
4801,robin
4802,midland
4803,ethylhexanoic
4804,synthesis
4805,diethylene
4806,triethylene
4807,absorption
4808,mm
4809,conslttee
4810,octylphenol
4811,rainbow
4812,devoid
4813,mutagenic
4814,rodricks
4815,environ
4816,astill
4817,cpsc
4818,peroxisomes
4819,mid
4820,recruited
4821,complete
4822,proposal
4823,revises
4824,effluent
4825,superfund
4826,hazardous
4827,dennis
4828,nick
4829,st
4830,completes
4831,proper
4832,r
4833,stanley
4834,stock
4835,offerings
4836,wage
4837,use
4838,morgan
4839,labor
4840,corridor
4841,regulatory
4842,cosuittee
4843,agreement
4844,cc
4845,proportional
4846,midtee
4847,show
4848,dominant
4849,charging
4850,geographic
4851,receiver
4852,product
4853,dominance
4854,are
4855,shippers
4856,anger
4857,comment
4858,baltimore
4859,percentage
4860,in
4861,personnel
4862,responder
4863,script
4864,fairfax
4865,recommended
4866,illustrates
4867,respond
4868,ratios
4869,ferc
4870,withdrew
4871,under
4872,renegotiated
4873,subcotmnittee
4874,expected
4875,coat
4876,richardson
4877,present
4878,weicker
4879,federal
4880,joined
4881,allocating
4882,exceed
4883,related
4884,cma
4885,however
4886,prospects
4887,order
4888,recovery
4889,change
4890,expenses
4891,reform
4892,under
4893,latitude
4894,september
4895,present
4896,number
4897,countless
4898,safety
4899,interrupters
4900,ground
4901,interrupters
4902,susceptible
4903,l
4904,indemnify
4905,talking
4906,misquote
4907,repercussions
4908,comaunlcatlons
4909,score
4910,reconaendation
4911,nuts
4912,concise
4913,stimulant
4914,benign
4915,all
4916,licensors
4917,fairer
4918,licensees
4919,premarketing
4920,tsca
4921,and
4922,yilov
4923,albert
4924,mediate
4925,obviate
4926,dealings
4927,copyright
4928,forfeiture
4929,overnight
4930,ripe
4931,sensible
4932,tices
4933,raside
4934,matting
4935,accidentally
4936,preventive
4937,others
4938,installation
4939,emitted
4940,eases
4941,thirds
4942,tripled
4943,likened
4944,feedstocks
4945,organics
4946,pertain
4947,violates
4948,repealing
4949,reprisals
4950,dis
4951,block
4952,incentives
4953,imnediately
4954,necessitates
4955,change
4956,oecember
4957,executiv
4958,committees
4959,industrles
4960,ridge
4961,granville
4962,haight
4963,lindbergh
4964,mid
4965,on
4966,jenkins
4967,chris
4968,member
4969,existance
4970,rationale
4971,flourished
4972,passive
4973,v
4974,decid
4975,pyramid
4976,peculiar
4977,wings
4978,grouping
4979,inducement
4980,vice
4981,spelling
4982,fruitful
4983,groups
4984,were
4985,required
4986,e
4987,make
4988,cleveland
4989,safety
4990,consnitments
4991,u
4992,normally
4993,cosnunlcation
4994,dupont
4995,goodwin
4996,hopkins
4997,associate
4998,trailer
4999,commlttee
5000,curtis
5001,insulated
5002,fleeting
5003,revocation
5004,rtation
5005,hcndling
5006,tabled
5007,prejudice
5008,settling
5009,disagreements
5010,automatically
5011,foreigners
5012,royalties
5013,negotiators
5014,cosnitments
5015,copyrights
5016,p
5017,states
5018,volving
5019,hmta
5020,impede
5021,a
5022,eoanunity
5023,aaerican
5024,preempting
5025,baing
5026,matarials
5027,coasittat
5028,rulings
5029,nonpreemptlon
5030,waybill
5031,eaergencies
5032,aaterials
5033,aeabership
5034,and
5035,form
5036,per
5037,coaaunity
5038,imply
5039,thout
5040,aseeisaent
5041,ppropriate
5042,are
5043,idants
5044,requireaents
5045,aassive
5046,suc
5047,shipper
5048,lea
5049,peraitted
5050,circuastances
5051,ma
5052,ecommended
5053,cosnlttee
5054,merchant
5055,counittee
5056,a
5057,simpson
5058,advocacy
5059,laying
5060,necessary
5061,kicked
5062,replaces
5063,arrives
5064,focussed
5065,chiefly
5066,largest
5067,substances
5068,stringently
5069,probably
5070,overall
5071,continental
5072,e
5073,field
5074,pilot
5075,process
5076,congress
5077,worsening
5078,strong
5079,supports
5080,country
5081,ye
5082,expected
5083,revenues
5084,pressures
5085,austerity
5086,health
5087,before
5088,glbbs
5089,clearinghouse
5090,confrontational
5091,coranittee
5092,imposing
5093,tangible
5094,sequential
5095,referral
5096,look
5097,work
5098,john
5099,scheuer
5100,waxman
5101,do
5102,h
5103,sales
5104,james
5105,whittaker
5106,thomas
5107,bliley
5108,free
5109,cong
5110,meeting
5111,grassroots
5112,strengthen
5113,encourage
5114,draft
5115,newspapers
5116,texas
5117,straying
5118,filmed
5119,records
5120,product
5121,deadlock
5122,combines
5123,declines
5124,ujjite
5125,streamline
5126,xnterassociatlon
5127,verify
5128,cwa
5129,deviated
5130,communi
5131,nity
5132,previewed
5133,law
5134,have
5135,elaboration
5136,submittal
5137,a
5138,nominates
5139,sizeable
5140,indexed
5141,combatting
5142,asbestosis
5143,hiller
5144,ms
5145,canvassing
5146,clrs
5147,nightwatch
5148,r
5149,transmittal
5150,affix
5151,particulate
5152,heshaps
5153,intervention
5154,orleans
5155,hiagara
5156,sunsetting
5157,disbanded
5158,garwig
5159,cerning
5160,on
5161,terminate
5162,has
5163,head
5164,businass
5165,wilbert
5166,made
5167,managers
5168,effactive
5169,e
5170,ofeffic
5171,purchasing
5172,budgets
5173,and
5174,due
5175,finding
5176,programing
5177,arisen
5178,titles
5179,mr
5180,rapid
5181,devaluation
5182,transactions
5183,territory
5184,encumbering
5185,prehensive
5186,exec
5187,utive
5188,suggesting
5189,marking
5190,mm
5191,ceding
5192,native
5193,daniel
5194,upgrading
5195,birth
5196,injected
5197,acroosteolysis
5198,objection
5199,edited
5200,demonstrations
5201,display
5202,curriculum
5203,centennial
5204,seventies
5205,varnerin
5206,incen
5207,sabbatical
5208,adipates
5209,respons
5210,pcbs
5211,parti
5212,courc
5213,to
5214,to
5215,responslbillcy
5216,panel
5217,trical
5218,roundrobin
5219,rubber
5220,panel
5221,before
5222,fed
5223,raaaareh
5224,naad
5225,therefore
5226,accumulation
5227,must
5228,taken
5229,pharma
5230,vuu
5231,s
5232,teria
5233,vdc
5234,cytotoxic
5235,dlthlopnosphates
5236,gonadal
5237,mature
5238,rate
5239,proposed
5240,vivo
5241,at
5242,propoaad
5243,easting
5244,coasidarlng
5245,ther
5246,phosgene
5247,a
5248,ccnmittee
5249,prafjram
5250,ccmpany
5251,ca
5252,clifton
5253,stauffer
5254,a
5255,hasmukh
5256,research
5257,benzene
5258,late
5259,chlorobenzenes
5260,eplchlorohydrln
5261,ethylene
5262,ketones
5263,vlnylldene
5264,e
5265,fluorocarbons
5266,ftenzene
5267,asarco
5268,arsenic
5269,octel
5270,phthalates
5271,benzene
5272,epoxy
5273,conoco
5274,chosen
5275,benzene
5276,butylated
5277,fitful
5278,major
5279,retell
5280,chains
5281,evidenced
5282,housing
5283,hat
5284,an
5285,enforcement
5286,year
5287,would
5288,prima
5289,triple
5290,under
5291,vertical
5292,divest
5293,vertically
5294,hold
5295,divorcement
5296,corporat
5297,chartering
5298,favorite
5299,nomic
5300,hold
5301,form
5302,than
5303,n
5304,scheduled
5305,enterprises
5306,sanctity
5307,encourages
5308,ricz
5309,mon
5310,deration
5311,fenceline
5312,factor
5313,clations
5314,reauthorlzation
5315,b
5316,reauthorlzation
5317,filed
5318,not
5319,divert
5320,normal
5321,furman
5322,longstanding
5323,heightened
5324,headlong
5325,compete
5326,tiveness
5327,conlttae
5328,and
5329,qiapter
5330,swaary
5331,the
5332,trends
5333,progrms
5334,chenieel
5335,uptcti
5336,work
5337,and
5338,to
5339,ample
5340,menting
5341,selections
5342,importers
5343,micronucleus
5344,mutation
5345,ca
5346,technologically
5347,hvdroquinone
5348,hydroquinone
5349,isopropanol
5350,supplementation
5351,curiae
5352,lubricant
5353,gesamp
5354,to
5355,emptied
5356,mercaptobenzothiazole
5357,confirmed
5358,intravenous
5359,vlnvlidena
5360,coxics
5361,acquainted
5362,innovative
5363,the
5364,refined
5365,huso
5366,coamnmity
5367,vinners
5368,bacterial
5369,autoclaving
5370,magnesium
5371,responsibly
5372,wider
5373,commlttae
5374,chemicl
5375,singled
5376,laws
5377,on
5378,only
5379,hasardous
5380,one
5381,ter
5382,estoppel
5383,model
5384,lect
5385,language
5386,based
5387,ort
5388,prepared
5389,bills
5390,u
5391,frequently
5392,major
5393,proposals
5394,wedge
5395,broad
5396,state
5397,vent
5398,food
5399,ready
5400,or
5401,has
5402,rekindle
5403,mlamisburg
5404,occurred
5405,bar
5406,also
5407,residual
5408,recall
5409,communicator
5410,skeptical
5411,met
5412,unpredictable
5413,maneuvering
5414,patriae
5415,classaction
5416,hearing
5417,arises
5418,any
5419,navigable
5420,ducting
5421,favorable
5422,vacation
5423,canital
5424,month
5425,preferring
5426,attended
5427,aacioaal
5428,h
5429,acceptance
5430,group
5431,the
5432,bureau
5433,posium
5434,incidental
5435,narrative
5436,several
5437,spac
5438,groud
5439,ana
5440,gary
5441,metabolic
5442,evaluated
5443,conduct
5444,compliment
5445,nfor
5446,educate
5447,advo
5448,symposlias
5449,gaithersburg
5450,bureau
5451,spectives
5452,present
5453,undertake
5454,assess
5455,substantiate
5456,has
5457,neshap
5458,x
5459,caking
5460,government
5461,cbi
5462,develop
5463,resin
5464,rebuttable
5465,included
5466,disorders
5467,pathologic
5468,turbinate
5469,progression
5470,lesions
5471,reversion
5472,since
5473,been
5474,reactivated
5475,l
5476,ed
5477,conducted
5478,council
5479,organic
5480,economi
5481,eration
5482,or
5483,industry
5484,dlsseainatlon
5485,handled
5486,fluorocarbon
5487,rgy
5488,glycol
5489,e
5490,monooethyl
5491,developed
5492,cma
5493,isobutyl
5494,natural
5495,rescheduling
5496,isoamyl
5497,exposure
5498,phosgene
5499,therapeutic
5500,dupont
5501,surveys
5502,tsca
5503,development
5504,result
5505,d
5506,sound
5507,esters
5508,costs
5509,phthalate
5510,act
5511,propose
5512,tsca
5513,m
5514,esters
5515,bureaus
5516,interested
5517,phthalate
5518,ancillary
5519,nonprofit
5520,republic
5521,negatively
5522,lesniak
5523,unavailable
5524,delegating
5525,fines
5526,pushing
5527,respirators
5528,ca
5529,mathematical
5530,recommended
5531,nt
5532,unsuitable
5533,under
5534,invertebrates
5535,s
5536,irwin
5537,expecting
5538,bls
5539,sued
5540,tox
5541,residues
5542,on
5543,pollutant
5544,e
5545,surveying
5546,dermal
5547,although
5548,among
5549,repackaging
5550,julius
5551,fluorochemicals
5552,magid
5553,hoechst
5554,warn
5555,make
5556,announced
5557,wishart
5558,com
5559,submitt
5560,associ
5561,pertise
5562,vidual
5563,falling
5564,exempting
5565,persuasively
5566,genuine
5567,obtrusive
5568,supportiv
5569,ad
5570,slowing
5571,welding
5572,naphthas
5573,automobiles
5574,lifted
5575,oil
5576,years
5577,power
5578,led
5579,nuclear
5580,study
5581,t
5582,at
5583,automotive
5584,ma
5585,ethylene
5586,no
5587,front
5588,elco
5589,american
5590,western
5591,halcon
5592,hoechst
5593,chemical
5594,a
5595,croup
5596,all
5597,koppers
5598,mallinckrodt
5599,nci
5600,mobay
5601,chemical
5602,rubber
5603,montedison
5604,chlorobenzenes
5605,nalco
5606,pantasots
5607,reichhold
5608,rohm
5609,labs
5610,cma
5611,ally
5612,esters
5613,williams
5614,hydroxytoluene
5615,sherwood
5616,medical
5617,denko
5618,k
5619,chemical
5620,tecknor
5621,texaco
5622,carbide
5623,techno
5624,mm
5625,providence
5626,confer
5627,were
5628,reduce
5629,survey
5630,indicates
5631,substan
5632,underwriters
5633,labora
5634,tories
5635,computations
5636,include
5637,expert
5638,justifi
5639,intends
5640,regulatory
5641,exemptions
5642,update
5643,promote
5644,plans
5645,todhunter
5646,invited
5647,standards
5648,implement
5649,components
5650,recommended
5651,tinued
5652,industry
5653,area
5654,lack
5655,developed
5656,environental
5657,mittal
5658,seemed
5659,compressing
5660,engineer
5661,i
5662,members
5663,mayhew
5664,gatllnburg
5665,harvey
5666,nat
5667,tachnical
5668,achiava
5669,compare
5670,figuras
5671,ascalation
5672,envlronaantal
5673,incraasas
5674,confidanca
5675,attars
5676,comitmant
5677,affectively
5678,basics
5679,la
5680,meeeting
5681,anvironuntal
5682,cobittee
5683,d
5684,baaia
5685,inatituta
5686,profassionals
5687,assignad
5688,manager
5689,ccsbittae
5690,ttae
5691,legal
5692,gressed
5693,mattings
5694,horisontsl
5695,v
5696,v
5697,forvarding
5698,eaviromental
5699,water
5700,asential
5701,advocates
5702,camitaent
5703,all
5704,met
5705,sotting
5706,plots
5707,geographically
5708,numbering
5709,cultivate
5710,marching
5711,profession
5712,marginally
5713,shortcutting
5714,innocent
5715,guilty
5716,survival
5717,winds
5718,ehemical
5719,airborne
5720,impacts
5721,rings
5722,leveraging
5723,cics
5724,be
5725,finances
5726,staffing
5727,lobbyist
5728,michigan
5729,avoidance
5730,multifaceted
5731,knowledge
5732,proper
5733,suspected
5734,butylated
5735,voluntary
5736,agreement
5737,monochloro
5738,september
5739,county
5740,temporary
5741,october
5742,budget
5743,rome
5744,status
5745,therefore
5746,program
5747,ethers
5748,ecetoc
5749,currently
5750,comple
5751,surveys
5752,phthalate
5753,rules
5754,currently
5755,matter
5756,initiated
5757,ata
5758,rubber
5759,accelerator
5760,me
5761,chemically
5762,ms
5763,rubber
5764,manufactured
5765,s
5766,rabbit
5767,payments
5768,airplanes
5769,guests
5770,revenue
5771,scheduled
5772,november
5773,phil
5774,september
5775,de
5776,a
5777,michel
5778,selectively
5779,robert
5780,be
5781,consensus
5782,unity
5783,tob
5784,conduct
5785,oberstar
5786,en
5787,attorney
5788,concerned
5789,may
5790,september
5791,record
5792,commerce
5793,products
5794,exports
5795,embassy
5796,arrangements
5797,tensions
5798,heighten
5799,portillo
5800,sent
5801,philip
5802,marriott
5803,preside
5804,subjects
5805,features
5806,vc
5807,dinner
5808,brochures
5809,formal
5810,language
5811,hawkins
5812,awaited
5813,thorne
5814,emasculation
5815,reagan
5816,purpose
5817,appropriate
5818,mall
5819,next
5820,auchter
5821,development
5822,congressman
5823,brookings
5824,voted
5825,commerce
5826,maritime
5827,october
5828,land
5829,waterways
5830,component
5831,bel
5832,omibus
5833,factor
5834,patents
5835,restore
5836,be
5837,courts
5838,liberties
5839,unified
5840,report
5841,fairs
5842,internal
5843,task
5844,hazardous
5845,hazards
5846,hazardous
5847,order
5848,october
5849,format
5850,functional
5851,vendors
5852,exchange
5853,personally
5854,tennessee
5855,legislative
5856,regular
5857,considex
5858,superfund
5859,divergent
5860,radical
5861,advocated
5862,drafton
5863,lawsuits
5864,interv
5865,preempted
5866,sessior
5867,madison
5868,monica
5869,patent
5870,well
5871,background
5872,u
5873,no
5874,result
5875,patents
5876,together
5877,taiwanese
5878,canada
5879,solely
5880,dupont
5881,m
5882,refusing
5883,conventional
5884,buying
5885,ldcs
5886,marginal
5887,depreciation
5888,compar
5889,tally
5890,unsettling
5891,costsharing
5892,attained
5893,consult
5894,formally
5895,stipulated
5896,bases
5897,chemicalsprogramme
5898,comple
5899,directive
5900,optionsby
